{
    "mse_min_ref": 0.0028332925867289305,
    "mse_ref": 0.003166504204273224
}