{
    "mse_min_ref": 0.11865883908480314,
    "mse_ref": 0.12039584571675566
}